holdings_date,daily_te_correct,n_matched_correct,n_sign_correct_correct,daily_te_wrong,n_matched_wrong,n_sign_correct_wrong,te_diff
2024-12-03,1.0632549446609814,0,0,1.0269232459203388,0,0,-0.03633169874064257
2024-12-04,1.0269232459203388,0,0,1.1024621954764309,0,0,0.07553894955609208
2024-12-05,1.1024621954764309,0,0,1.05007365827939,0,0,-0.05238853719704095
2024-12-06,1.05007365827939,0,0,1.007403476677088,0,0,-0.04267018160230185
2024-12-07,1.007403476677088,0,0,1.103671941840213,0,0,0.09626846516312493
2024-12-08,1.103671941840213,0,0,0.8054230530114898,0,0,-0.29824888882872325
2024-12-09,0.8054230530114898,0,0,0.8869645711359245,0,0,0.08154151812443478
2024-12-10,0.8869645711359245,0,0,0.7178303055581986,0,0,-0.16913426557772593
2024-12-11,0.7178303055581986,0,0,0.9589546141869089,0,0,0.24112430862871026
2024-12-12,0.9589546141869089,0,0,1.0006606333427501,0,0,0.04170601915584127
2024-12-13,1.0006606333427501,0,0,0.8447498929658899,0,0,-0.15591074037686026
2024-12-14,0.8447498929658899,0,0,0.9041228433309608,0,0,0.05937295036507095
2024-12-15,0.9041228433309608,0,0,0.9480053083210335,0,0,0.043882464990072645
2024-12-16,0.9480053083210335,0,0,0.9344641013813004,0,0,-0.013541206939733041
2024-12-17,0.9344641013813004,0,0,1.0053937496898286,0,0,0.07092964830852821
2024-12-18,1.0053937496898286,0,0,1.0167624378646567,0,0,0.011368688174828057
2024-12-19,1.0167624378646567,0,0,0.9288015400897066,0,0,-0.08796089777495009
2024-12-20,0.9288015400897066,0,0,0.893088911973237,0,0,-0.03571262811646958
2024-12-21,0.893088911973237,0,0,0.9493511266045943,0,0,0.05626221463135728
2024-12-22,0.9493511266045943,0,0,1.1029992975383136,0,0,0.1536481709337193
2024-12-23,1.1029992975383136,0,0,1.1042617350812816,0,0,0.0012624375429679535
2024-12-24,1.1042617350812816,0,0,1.062546266445423,0,0,-0.04171546863585851
2024-12-25,1.062546266445423,0,0,1.0406875678379472,0,0,-0.0218586986074758
2024-12-26,1.0406875678379472,0,0,1.1066246820863637,0,0,0.06593711424841642
2024-12-27,1.1066246820863637,0,0,0.9614382007185732,0,0,-0.14518648136779044
2024-12-28,0.9614382007185732,0,0,0.9589961053447271,0,0,-0.002442095373846098
2024-12-29,0.9589961053447271,0,0,1.014217909231031,0,0,0.05522180388630393
2024-12-30,1.014217909231031,0,0,0.909807994134235,0,0,-0.10440991509679609
2024-12-31,0.909807994134235,0,0,1.0768971448008684,0,0,0.16708915066663343
2025-01-01,1.0768971448008684,0,0,1.0231937552358035,0,0,-0.05370338956506493
2025-01-02,1.0231937552358035,0,0,0.9788164246848183,0,0,-0.04437733055098514
2025-01-03,0.9788164246848183,0,0,1.0632206905540924,0,0,0.08440426586927408
2025-01-04,1.0632206905540924,0,0,1.0102040064273015,0,0,-0.05301668412679095
2025-01-05,1.0102040064273015,0,0,1.0025117068819949,0,0,-0.007692299545306591
2025-01-06,1.0025117068819949,0,0,0.9806619836728366,0,0,-0.021849723209158234
2025-01-07,0.9806619836728366,0,0,0.7971882744935331,0,0,-0.1834737091793035
2025-01-08,0.7971882744935331,0,0,1.039558406895523,0,0,0.2423701324019899
2025-01-09,1.039558406895523,0,0,0.973473262323688,0,0,-0.06608514457183501
2025-01-10,0.973473262323688,0,0,0.8902926343536639,0,0,-0.08318062797002412
2025-01-11,0.8902926343536639,0,0,1.0403611226073024,0,0,0.1500684882536385
2025-01-12,1.0403611226073024,0,0,0.8150118569517647,0,0,-0.2253492656555377
2025-01-13,0.8150118569517647,0,0,0.8774482796850495,0,0,0.06243642273328476
2025-01-14,0.8774482796850495,0,0,0.9226138901744789,0,0,0.045165610489429464
2025-01-15,0.9226138901744789,0,0,0.9889945199204808,0,0,0.0663806297460019
2025-01-16,0.9889945199204808,0,0,0.8784988518017134,0,0,-0.11049566811876743
2025-01-17,0.8784988518017134,0,0,1.053477111084631,0,0,0.17497825928291766
2025-01-18,1.053477111084631,0,0,1.2083517306650824,0,0,0.15487461958045134
2025-01-19,1.2083517306650824,0,0,1.052472452946718,0,0,-0.1558792777183644
2025-01-20,1.052472452946718,0,0,0.9833187519532678,0,0,-0.0691537009934502
2025-01-21,0.9833187519532678,0,0,0.8468104517577415,0,0,-0.1365083001955263
2025-01-22,0.8468104517577415,0,0,0.9189152027065215,0,0,0.07210475094878
2025-01-23,0.9189152027065215,0,0,0.9022278171329491,0,0,-0.01668738557357241
2025-01-24,0.9022278171329491,0,0,0.8154689494488415,0,0,-0.08675886768410757
2025-01-25,0.8154689494488415,0,0,0.8788365280925147,0,0,0.06336757864367315
2025-01-26,0.8788365280925147,0,0,0.9155462437569838,0,0,0.03670971566446912
2025-01-27,0.9155462437569838,0,0,0.8704093041033375,0,0,-0.04513693965364629
2025-01-28,0.8704093041033375,0,0,1.018833701211622,0,0,0.14842439710828448
2025-01-29,1.018833701211622,0,0,1.0778636801043975,0,0,0.0590299788927755
2025-01-30,1.0778636801043975,0,0,0.8467594035888019,0,0,-0.23110427651559562
2025-01-31,0.8467594035888019,0,0,0.9305707224664755,0,0,0.08381131887767368
2025-02-01,0.9305707224664755,0,0,1.0182943715633723,0,0,0.08772364909689678
2025-02-02,1.0182943715633723,0,0,0.9280683939034955,0,0,-0.09022597765987683
2025-02-03,0.9280683939034955,0,0,1.1189335106788947,0,0,0.1908651167753992
2025-02-04,1.1189335106788947,0,0,1.0988827999116455,0,0,-0.02005071076724918
2025-02-05,1.0988827999116455,0,0,0.959799090872984,0,0,-0.13908370903866152
2025-02-06,0.959799090872984,0,0,0.9094663805005859,0,0,-0.05033271037239806
2025-02-07,0.9094663805005859,0,0,0.9446781090783448,0,0,0.035211728577758894
2025-02-08,0.9446781090783448,0,0,0.7919460569434676,0,0,-0.15273205213487717
2025-02-09,0.7919460569434676,0,0,0.8277130496942111,0,0,0.035766992750743465
2025-02-10,0.8277130496942111,0,0,0.7436495812237081,0,0,-0.08406346847050306
2025-02-11,0.7436495812237081,0,0,0.9649433258854766,0,0,0.22129374466176854
2025-02-12,0.9649433258854766,0,0,0.946302448079041,0,0,-0.01864087780643564
2025-02-13,0.946302448079041,0,0,1.001649205218047,0,0,0.05534675713900605
2025-02-14,1.001649205218047,0,0,1.049368921467941,0,0,0.047719716249893906
2025-02-15,1.049368921467941,0,0,1.15578002665102,0,0,0.10641110518307917
2025-02-16,1.15578002665102,0,0,1.036045451276798,0,0,-0.11973457537422205
2025-02-17,1.036045451276798,0,0,0.9937868717109213,0,0,-0.04225857956587675
2025-02-18,0.9937868717109213,0,0,0.9048258509085887,0,0,-0.08896102080233259
2025-02-19,0.9048258509085887,0,0,1.0415320445240221,0,0,0.13670619361543346
2025-02-20,1.0415320445240221,0,0,1.051421982400014,0,0,0.009889937875991794
2025-02-21,1.051421982400014,0,0,0.9389135709793595,0,0,-0.11250841142065449
2025-02-22,0.9389135709793595,0,0,0.9635479719255161,0,0,0.024634400946156654
2025-02-23,0.9635479719255161,0,0,0.9733571923253708,0,0,0.009809220399854657
2025-02-24,0.9733571923253708,0,0,1.0228016183896442,0,0,0.04944442606427346
2025-02-25,1.0228016183896442,0,0,1.0473282987535086,0,0,0.024526680363864406
2025-02-26,1.0473282987535086,0,0,0.9828249654763501,0,0,-0.06450333327715851
2025-02-27,0.9828249654763501,0,0,1.0372619091230249,0,0,0.05443694364667473
2025-02-28,1.0372619091230249,0,0,1.0461026948655578,0,0,0.008840785742532997
2025-03-01,1.0461026948655578,0,0,0.9782943980653646,0,0,-0.06780829680019329
2025-03-02,0.9782943980653646,0,0,1.048569173081657,0,0,0.07027477501629253
2025-03-03,1.048569173081657,0,0,1.1293677705041893,0,0,0.08079859742253226
2025-03-04,1.1293677705041893,0,0,1.1105051473468739,0,0,-0.01886262315731546
2025-03-05,1.1105051473468739,0,0,1.0215636652175861,0,0,-0.08894148212928776
2025-03-06,1.0215636652175861,0,0,1.0860949320523383,0,0,0.06453126683475219
2025-03-07,1.0860949320523383,0,0,0.7290319772325123,0,0,-0.357062954819826
2025-03-08,0.7290319772325123,0,0,0.8560634862507541,0,0,0.12703150901824178
2025-03-09,0.8560634862507541,0,0,0.8590838266016271,0,0,0.003020340350872952
2025-03-10,0.8590838266016271,0,0,0.853655851735463,0,0,-0.005427974866164087
2025-03-11,0.853655851735463,0,0,0.9873179168275349,0,0,0.1336620650920719
2025-03-12,0.9873179168275349,0,0,0.8753542376564509,0,0,-0.11196367917108396
2025-03-13,0.8753542376564509,0,0,0.8747484092599871,0,0,-0.0006058283964638367
2025-03-14,0.8747484092599871,0,0,0.9049531926310921,0,0,0.030204783371104993
2025-03-15,0.9049531926310921,0,0,1.035747405461541,0,0,0.1307942128304489
2025-03-16,1.035747405461541,0,0,0.9702883604591898,0,0,-0.06545904500235122
2025-03-17,0.9702883604591898,0,0,0.8533861869113382,0,0,-0.1169021735478516
2025-03-18,0.8533861869113382,0,0,0.8254507471252169,0,0,-0.02793543978612123
2025-03-19,0.8254507471252169,0,0,0.7916218025973271,0,0,-0.03382894452788987
2025-03-20,0.7916218025973271,0,0,0.9472024371223777,0,0,0.15558063452505067
2025-03-21,0.9472024371223777,0,0,0.8491115740182127,0,0,-0.09809086310416504
2025-03-22,0.8491115740182127,0,0,0.960666631560284,0,0,0.11155505754207129
2025-03-23,0.960666631560284,0,0,0.8641698736766881,0,0,-0.09649675788359591
2025-03-24,0.8641698736766881,0,0,0.9471669853178097,0,0,0.08299711164112167
2025-03-25,0.9471669853178097,0,0,1.042696515986061,0,0,0.09552953066825132
2025-03-26,1.042696515986061,0,0,0.9070530064287877,0,0,-0.13564350955727333
2025-03-27,0.9070530064287877,0,0,0.7515237521763961,0,0,-0.1555292542523916
2025-03-28,0.7515237521763961,0,0,0.9189588671247746,0,0,0.16743511494837848
2025-03-29,0.9189588671247746,0,0,1.0376863474947104,0,0,0.11872748036993586
2025-03-30,1.0376863474947104,0,0,0.9086132045384493,0,0,-0.12907314295626116
2025-03-31,0.9086132045384493,0,0,0.9383782775811753,0,0,0.02976507304272602
2025-04-01,0.9383782775811753,0,0,0.9563299695907204,0,0,0.01795169200954505
2025-04-02,0.9563299695907204,0,0,0.8068043479589296,0,0,-0.14952562163179073
2025-04-03,0.8068043479589296,0,0,0.7810115951680231,0,0,-0.025792752790906537
2025-04-04,0.7810115951680231,0,0,0.8967108079464179,0,0,0.11569921277839479
2025-04-05,0.8967108079464179,0,0,0.8440692236263444,0,0,-0.05264158432007349
2025-04-06,0.8440692236263444,0,0,0.8638411531987318,0,0,0.01977192957238738
2025-04-07,0.8638411531987318,0,0,0.9941426067315032,0,0,0.13030145353277145
2025-04-08,0.9941426067315032,0,0,0.8368626950743294,0,0,-0.1572799116571738
2025-04-09,0.8368626950743294,0,0,0.8437658506992041,0,0,0.006903155624874646
2025-04-10,0.8437658506992041,0,0,0.697414689819592,0,0,-0.14635116087961209
2025-04-11,0.697414689819592,0,0,1.0260032365212675,0,0,0.3285885467016755
2025-04-12,1.0260032365212675,0,0,1.010585506605477,0,0,-0.01541772991579049
2025-04-13,1.010585506605477,0,0,0.6601714824347253,0,0,-0.3504140241707516
2025-04-14,0.6601714824347253,0,0,0.8545973371445613,0,0,0.19442585470983598
2025-04-15,0.8545973371445613,0,0,0.9520572086982658,0,0,0.0974598715537045
2025-04-16,0.9520572086982658,0,0,0.9161287680997837,0,0,-0.0359284405984821
2025-04-17,0.9161287680997837,0,0,0.8035378768654518,0,0,-0.11259089123433197
2025-04-18,0.8035378768654518,0,0,0.937322434649938,0,0,0.13378455778448628
2025-04-19,0.937322434649938,0,0,0.972745262188435,0,0,0.035422827538497015
2025-04-20,0.972745262188435,0,0,0.975249378684472,0,0,0.00250411649603699
2025-04-21,0.975249378684472,0,0,0.8843088441842505,0,0,-0.09094053450022155
2025-04-22,0.8843088441842505,0,0,1.0845884462727602,0,0,0.2002796020885097
2025-04-23,1.0845884462727602,0,0,0.9382050618650868,0,0,-0.1463833844076734
2025-04-24,0.9382050618650868,0,0,0.8771817199991565,0,0,-0.06102334186593028
2025-04-25,0.8771817199991565,0,0,0.8747668414808994,0,0,-0.0024148785182570576
2025-04-26,0.8747668414808994,0,0,0.898914744579058,0,0,0.024147903098158507
2025-04-27,0.898914744579058,0,0,0.9210017023971848,0,0,0.022086957818126862
2025-04-28,0.9210017023971848,0,0,0.9311042597581559,0,0,0.010102557360971098
2025-04-29,0.9311042597581559,0,0,0.998146583166828,0,0,0.06704232340867211
2025-04-30,0.998146583166828,0,0,1.10135520974367,0,0,0.10320862657684204
2025-05-01,1.10135520974367,0,0,1.047614110162882,0,0,-0.0537410995807881
2025-05-02,1.047614110162882,0,0,1.036045451276798,0,0,-0.011568658886083938
2025-05-03,1.036045451276798,0,0,1.0771946943659316,0,0,0.04114924308913359
2025-05-04,1.0771946943659316,0,0,1.011568895960514,0,0,-0.0656257984054176
2025-05-05,1.011568895960514,0,0,1.0233622957508814,0,0,0.01179339979036742
2025-05-06,1.0233622957508814,0,0,1.103217936960905,0,0,0.07985564121002353
2025-05-07,1.103217936960905,0,0,1.1146207663828007,0,0,0.011402829421895744
2025-05-08,1.1146207663828007,0,0,0.9052271572765297,0,0,-0.20939360910627103
2025-05-09,0.9052271572765297,0,0,0.9284923127949817,0,0,0.023265155518451985
2025-05-10,0.9284923127949817,0,0,0.9157312686348118,0,0,-0.012761044160169877
2025-05-11,0.9157312686348118,0,0,1.1100733848306852,0,0,0.19434211619587338
2025-05-12,1.1100733848306852,0,0,1.144103569788816,0,0,0.034030184958130816
2025-05-13,1.144103569788816,0,0,0.8033013850595717,0,0,-0.3408021847292443
2025-05-14,0.8033013850595717,0,0,1.0573777274532048,0,0,0.2540763423936331
2025-05-15,1.0573777274532048,0,0,1.0333712751042272,0,0,-0.02400645234897758
2025-05-16,1.0333712751042272,0,0,1.013248604310653,0,0,-0.020122670793574216
2025-05-17,1.013248604310653,0,0,1.0273066879492716,0,0,0.014058083638618601
2025-05-18,1.0273066879492716,0,0,1.0652548790184488,0,0,0.03794819106917724
2025-05-19,1.0652548790184488,0,0,0.9522257071064989,0,0,-0.11302917191194994
2025-05-20,0.9522257071064989,0,0,0.9816977026047345,0,0,0.029471995498235648
2025-05-21,0.9816977026047345,0,0,1.0446188286885973,0,0,0.0629211260838628
2025-05-22,1.0446188286885973,0,0,1.104020456028117,0,0,0.0594016273395197
2025-05-23,1.104020456028117,0,0,0.9756468690495126,0,0,-0.12837358697860446
2025-05-24,0.9756468690495126,0,0,1.1082094209347306,0,0,0.13256255188521804
2025-05-25,1.1082094209347306,0,0,1.062381886232472,0,0,-0.04582753470225853
2025-05-26,1.062381886232472,0,0,1.1095908267243566,0,0,0.04720894049188451
2025-05-27,1.1095908267243566,0,0,1.0664466444203264,0,0,-0.043144182304030165
2025-05-28,1.0664466444203264,0,0,1.096072992851498,0,0,0.029626348431171623
2025-05-29,1.096072992851498,0,0,1.1659803427027688,0,0,0.06990734985127078
2025-05-30,1.1659803427027688,0,0,1.056483215467861,0,0,-0.1094971272349079
2025-05-31,1.056483215467861,0,0,1.035769737597198,0,0,-0.020713477870663022
2025-06-01,1.035769737597198,0,0,0.9511002304465292,0,0,-0.08466950715066868
2025-06-02,0.9511002304465292,0,0,0.9219045368960778,0,0,-0.029195693550451485
2025-06-03,0.9219045368960778,0,0,0.8250990905528228,0,0,-0.09680544634325494
2025-06-04,0.8250990905528228,0,0,0.9612467651919697,0,0,0.1361476746391469
2025-06-05,0.9612467651919697,0,0,0.8810739410236683,0,0,-0.0801728241683014
2025-06-06,0.8810739410236683,0,0,0.9293170522525906,0,0,0.04824311122892233
2025-06-07,0.9293170522525906,0,0,0.7917943921893772,0,0,-0.13752266006321345
2025-06-08,0.7917943921893772,0,0,0.8748757509824905,0,0,0.08308135879311329
2025-06-09,0.8748757509824905,0,0,0.9097395654748508,0,0,0.03486381449236031
2025-06-10,0.9097395654748508,0,0,1.0663074584011962,0,0,0.15656789292634543
2025-06-11,1.0663074584011962,0,0,1.0051023988669137,0,0,-0.06120505953428257
2025-06-12,1.0051023988669137,0,0,1.1146565047251495,0,0,0.10955410585823588
2025-06-13,1.1146565047251495,0,0,0.7907157328928779,0,0,-0.32394077183227166
2025-06-14,0.7907157328928779,0,0,0.8475092682514548,0,0,0.056793535358576896
2025-06-15,0.8475092682514548,0,0,0.8363079682876501,0,0,-0.0112012999638047
2025-06-16,0.8363079682876501,0,0,0.9288351547184763,0,0,0.09252718643082625
2025-06-17,0.9288351547184763,0,0,0.7640638418941642,0,0,-0.16477131282431212
2025-06-18,0.7640638418941642,0,0,1.026560589174796,0,0,0.26249674728063177
2025-06-19,1.026560589174796,0,0,0.7852433114691816,0,0,-0.2413172777056144
2025-06-20,0.7852433114691816,0,0,0.8733037928879006,0,0,0.08806048141871903
2025-06-21,0.8733037928879006,0,0,0.8573363171241055,0,0,-0.01596747576379509
2025-06-22,0.8573363171241055,0,0,0.9590752537134911,0,0,0.1017389365893856
2025-06-23,0.9590752537134911,0,0,0.7586596849099955,0,0,-0.20041556880349565
2025-06-24,0.7586596849099955,0,0,0.7533562380243017,0,0,-0.00530344688569373
2025-06-25,0.7533562380243017,0,0,0.9238550588110022,0,0,0.17049882078670042
2025-06-26,0.9238550588110022,0,0,0.8742390423699734,0,0,-0.049616016441028754
2025-06-27,0.8742390423699734,0,0,0.8358111384025495,0,0,-0.038427903967423904
2025-06-28,0.8358111384025495,0,0,0.8876822463182027,0,0,0.05187110791565319
2025-06-29,0.8876822463182027,0,0,0.9497322740738385,0,0,0.06205002775563584
2025-06-30,0.9497322740738385,0,0,0.9511518967646184,0,0,0.001419622690779887
2025-07-01,0.9511518967646184,0,0,1.056262723475378,0,0,0.10511082671075966
2025-07-02,1.056262723475378,0,0,0.8839926977713705,0,0,-0.17227002570400762
2025-07-03,0.8839926977713705,0,0,0.9189717633741273,0,0,0.034979065602756876
2025-07-04,0.9189717633741273,0,0,0.9249074979813682,0,0,0.005935734607240839
2025-07-05,0.9249074979813682,0,0,1.0373363588901812,0,0,0.11242886090881299
2025-07-06,1.0373363588901812,0,0,0.9644329374322135,0,0,-0.07290342145796769
2025-07-07,0.9644329374322135,0,0,0.9386832970491988,0,0,-0.025749640383014638
2025-07-08,0.9386832970491988,0,0,0.8897997998233769,0,0,-0.04888349722582197
2025-07-09,0.8897997998233769,0,0,0.9892894388226511,0,0,0.09948963899927421
2025-07-10,0.9892894388226511,0,0,1.048974588798487,0,0,0.05968514997583585
2025-07-11,1.048974588798487,0,0,1.0514690963000093,0,0,0.0024945075015223583
2025-07-12,1.0514690963000093,0,0,0.9695857917443991,0,0,-0.08188330455561021
2025-07-13,0.9695857917443991,0,0,0.8305109910783297,0,0,-0.13907480066606936
2025-07-14,0.8305109910783297,0,0,0.9274852182543631,0,0,0.09697422717603343
2025-07-15,0.9274852182543631,0,0,0.8877441232905364,0,0,-0.03974109496382672
2025-07-16,0.8877441232905364,0,0,1.068074049879825,0,0,0.18032992658928848
2025-07-17,1.068074049879825,0,0,0.9811279881925997,0,0,-0.08694606168722518
2025-07-18,0.9811279881925997,0,0,0.9822820473030327,0,0,0.0011540591104329812
2025-07-19,0.9822820473030327,0,0,1.051766305999399,0,0,0.06948425869636621
2025-07-20,1.051766305999399,0,0,0.9627934528545574,0,0,-0.08897285314484149
2025-07-21,0.9627934528545574,0,0,0.9288435024883979,0,0,-0.033949950366159554
2025-07-22,0.9288435024883979,0,0,1.0041852255131491,0,0,0.07534172302475128
2025-07-23,1.0041852255131491,0,0,0.7866112254443142,0,0,-0.21757400006883498
2025-07-24,0.7866112254443142,0,0,0.7981858816215717,0,0,0.011574656177257503
2025-07-25,0.7981858816215717,0,0,0.7709360255682745,0,0,-0.027249856053297217
2025-07-26,0.7709360255682745,0,0,0.807578672975216,0,0,0.036642647406941564
2025-07-27,0.807578672975216,0,0,0.9400424063469214,0,0,0.13246373337170536
2025-07-28,0.9400424063469214,0,0,0.8309240902033999,0,0,-0.10911831614352152
2025-07-29,0.8309240902033999,0,0,0.9687105823258266,0,0,0.13778649212242677
2025-07-30,0.9687105823258266,0,0,0.8216138087940509,0,0,-0.14709677353177575
2025-07-31,0.8216138087940509,0,0,0.9603860036015813,0,0,0.13877219480753045
2025-08-01,0.9603860036015813,0,0,0.8420024094559838,0,0,-0.11838359414559751
2025-08-02,0.8420024094559838,0,0,1.0117841745018643,0,0,0.1697817650458805
2025-08-03,1.0117841745018643,0,0,1.0155518135655959,0,0,0.003767639063731565
2025-08-04,1.0155518135655959,0,0,0.9439219449590454,0,0,-0.07162986860655052
2025-08-05,0.9439219449590454,0,0,0.94968362638615,0,0,0.005761681427104648
2025-08-06,0.94968362638615,0,0,1.0052016312405694,0,0,0.05551800485441938
2025-08-07,1.0052016312405694,0,0,1.0654293566285018,0,0,0.06022772538793242
2025-08-08,1.0654293566285018,0,0,0.9683021746811008,0,0,-0.097127181947401
2025-08-09,0.9683021746811008,0,0,1.0264768830030109,0,0,0.058174708321910074
2025-08-10,1.0264768830030109,0,0,0.7602056348793074,0,0,-0.2662712481237035
2025-08-11,0.7602056348793074,0,0,0.9710428581424374,0,0,0.21083722326313004
2025-08-12,0.9710428581424374,0,0,0.9377827634855975,0,0,-0.03326009465683988
2025-08-13,0.9377827634855975,0,0,0.9643661037445932,0,0,0.02658334025899567
2025-08-14,0.9643661037445932,0,0,1.1003257789245056,0,0,0.13595967517991236
2025-08-15,1.1003257789245056,0,0,1.1040733341081512,0,0,0.0037475551836456678
2025-08-16,1.1040733341081512,0,0,0.9429892151507137,0,0,-0.16108411895743757
2025-08-17,0.9429892151507137,0,0,0.9334685891562221,0,0,-0.00952062599449155
2025-08-18,0.9334685891562221,0,0,0.818260632087697,0,0,-0.11520795706852516
2025-08-19,0.818260632087697,0,0,1.0360900439039957,0,0,0.21782941181629878
2025-08-20,1.0360900439039957,0,0,1.012283664318507,0,0,-0.023806379585488813
2025-08-21,1.012283664318507,0,0,1.0153070698282087,0,0,0.0030234055097018153
2025-08-22,1.0153070698282087,0,0,1.0090300329426787,0,0,-0.006277036885530052
2025-08-23,1.0090300329426787,0,0,1.035317697794767,0,0,0.02628766485208822
2025-08-24,1.035317697794767,0,0,1.1808221383460933,0,0,0.14550444055132639
2025-08-25,1.1808221383460933,0,0,0.9116227551679654,0,0,-0.26919938317812786
2025-08-26,0.9116227551679654,0,0,0.8030859216214584,0,0,-0.108536833546507
2025-08-27,0.8030859216214584,0,0,0.8307774253451559,0,0,0.02769150372369744
2025-08-28,0.8307774253451559,0,0,0.8097995775299884,0,0,-0.020977847815167427
2025-08-29,0.8097995775299884,0,0,0.9466903374812881,0,0,0.13689075995129962
2025-08-30,0.9466903374812881,0,0,0.9878003242356814,0,0,0.04110998675439337
2025-08-31,0.9878003242356814,0,0,0.9455939761545191,0,0,-0.042206348081162304
2025-09-01,0.9455939761545191,0,0,0.9817067328532625,0,0,0.036112756698743365
2025-09-02,0.9817067328532625,0,0,1.1006523627350728,0,0,0.11894562988181034
2025-09-03,1.1006523627350728,0,0,0.9251929549495181,0,0,-0.1754594077855547
2025-09-04,0.8135352795811311,15,13,0.785198146173547,15,10,-0.028337133407584147
2025-09-05,0.7162061482759332,14,7,0.7552902145510391,14,8,0.039084066275105855
2025-09-06,0.9823851758756885,29,11,0.9316764728880137,31,13,-0.050708702987674825
2025-09-07,0.9383406998584436,25,13,0.5598120002316094,25,16,-0.3785286996268342
2025-09-08,0.9279430623646509,32,15,0.7016821177029465,32,19,-0.22626094466170432
2025-09-09,0.701487874227378,29,19,0.6455735327124267,29,19,-0.05591434151495134
2025-09-10,0.9599789692491226,32,14,0.9592877803484819,32,13,-0.0006911889006406824
2025-09-11,0.8642788553373641,30,18,1.0357538161160678,31,17,0.1714749607787036
2025-09-12,1.365090674823877,31,14,0.9249231630888397,31,20,-0.4401675117350372
2025-09-13,0.9755480175941729,31,20,0.7429586607877625,34,23,-0.23258935680641035
2025-09-14,0.9388222600370495,33,15,0.9330673394473806,33,16,-0.005754920589668866
2025-09-15,1.0734195060363245,30,21,0.9939006227274509,30,22,-0.07951888330887358
2025-09-16,1.1095270179361651,27,16,0.8303245719742476,29,20,-0.27920244596191757
2025-09-17,1.0460552867291923,30,17,0.9529574972132365,32,20,-0.09309778951595582
2025-09-18,0.9436159681915123,31,24,0.8269745426048973,31,20,-0.11664142558661494
2025-09-19,0.9663566855626989,29,15,0.7420517456447706,29,17,-0.22430493991792833
2025-09-20,0.9026588485681949,28,23,0.794834264697562,28,18,-0.10782458387063287
2025-09-21,1.1926355692670578,29,16,0.8091749899606606,31,24,-0.3834605793063972
2025-09-22,1.0271785396576456,32,23,0.9732671547767517,33,17,-0.053911384880893864
2025-09-23,1.1779057168864688,30,17,0.9610269432672582,32,22,-0.2168787736192106
2025-09-24,0.9329476351473941,32,20,0.9325102256645502,32,23,-0.0004374094828438757
2025-09-25,1.0390467850297973,31,20,0.7056836547285977,31,22,-0.3333631303011996
2025-09-26,0.7165248243534761,25,21,0.5359473052758141,25,24,-0.18057751907766195
2025-09-27,0.97772786069772,24,12,0.6559100928520742,24,17,-0.32181776784564575
2025-09-28,1.1495023203702337,27,17,0.7308719853172024,29,14,-0.41863033505303127
2025-09-29,1.1911327951676334,28,18,1.0515342409868544,30,18,-0.13959855418077893
2025-09-30,0.995618241437722,27,15,1.1913305329534845,27,16,0.19571229151576242
2025-10-01,1.074851038142779,0,0,1.2801197117474044,0,0,0.20526867360462542
2025-10-02,1.1569412257047627,27,17,1.0458899544476752,28,17,-0.11105127125708747
2025-10-03,1.2208744889274386,27,15,0.8932433444102621,27,17,-0.32763114451717645
2025-10-04,0.9299350200599236,23,12,0.6991218956257015,23,16,-0.23081312443422208
2025-10-05,1.4483466764428923,26,12,1.2504676386628886,28,16,-0.1978790377800037
2025-10-06,1.2804696271314593,28,16,1.0379760593472582,30,22,-0.24249356778420106
2025-10-07,1.0623008303361647,26,22,0.4940628445324702,26,24,-0.5682379858036946
2025-10-08,0.8506037887093054,30,19,1.0676961341530493,30,16,0.2170923454437439
2025-10-09,1.087572675299545,29,17,1.0681135809567697,29,15,-0.019459094342775263
2025-10-10,1.0647431969751657,29,18,0.8769190699169434,29,18,-0.18782412705822238
2025-10-11,0.89116151275331,0,0,1.1422268126143982,0,0,0.25106529986108816
2025-10-12,1.1026714112298504,25,18,0.6511824055637595,25,22,-0.45148900566609085
2025-10-13,0.8074762296407938,0,0,1.0544635456065243,0,0,0.24698731596573054
2025-10-14,1.2647596949081739,29,16,0.42111431234140456,29,23,-0.8436453825667694
2025-10-15,0.8104470083949764,27,17,0.28096196039074395,28,26,-0.5294850480042325
2025-10-16,0.8535920434137925,28,19,0.1586034196658234,28,27,-0.6949886237479691
2025-10-17,0.6268795735387928,30,21,0.22239885053767183,32,30,-0.4044807230011209
2025-10-18,0.8109559741694206,33,20,0.892476626263204,33,19,0.08152065209378345
2025-10-19,0.9375640147865313,31,20,0.7888700912782346,33,24,-0.1486939235082967
2025-10-20,0.9863237680580541,32,19,0.9795899287726788,32,18,-0.006733839285375298
2025-10-21,0.89318921146415,30,19,0.7220657404166053,31,24,-0.17112347104754466
2025-10-22,1.0370152984102656,0,0,1.0944789428473363,0,0,0.05746364443707064
2025-10-23,0.900139828440563,32,20,0.7770094920388346,33,24,-0.12313033640172832
2025-10-24,0.9786037591495518,0,0,1.0388373492419953,0,0,0.060233590092443556
2025-10-25,1.2584115775802438,33,17,1.3508011099036483,33,15,0.09238953232340452
2025-10-26,1.280875500779649,31,19,0.8631475478966942,31,21,-0.41772795288295483
2025-10-27,1.1780308736904013,31,15,0.9569760138164346,32,18,-0.22105485987396667
2025-10-28,1.2619538463821867,29,18,1.2668181649714834,30,19,0.004864318589296701
2025-10-29,1.082096697942234,0,0,1.0481905185094023,0,0,-0.033906179432831696
2025-10-30,1.0856204502291595,30,18,0.6001535553659211,28,18,-0.48546689486323846
2025-10-31,0.5901951239164935,22,18,0.5195091733369122,22,20,-0.07068595057958138
2025-11-01,0.8500298707967809,27,18,0.8579169682314454,29,19,0.007887097434664425
2025-11-02,1.167922242206487,0,0,0.9610875007879388,0,0,-0.20683474141854818
2025-11-03,0.8919699156339718,30,19,0.5108012904322895,30,25,-0.38116862520168227
2025-11-04,0.8197743516908297,33,18,0.40786658399064635,33,23,-0.41190776770018334
2025-11-05,0.5772093096411542,31,24,0.5339254802465409,31,22,-0.04328382939461339
2025-11-06,0.623164610042962,34,24,0.31013442694678606,34,31,-0.3130301830961759
2025-11-07,1.0836671506516886,0,0,1.0276853647619968,0,0,-0.055981785889691826
2025-11-08,1.0276853647619968,0,0,1.164207301214022,0,0,0.13652193645202515
2025-11-09,1.164207301214022,0,0,1.151535518619049,0,0,-0.012671782594972925
2025-11-10,1.151535518619049,0,0,1.2784612914222588,0,0,0.12692577280320982
2025-11-11,1.2784612914222588,0,0,1.010640105010066,0,0,-0.2678211864121929
2025-11-12,1.010640105010066,0,0,1.1707841063065907,0,0,0.16014400129652473
2025-11-13,1.1707841063065907,0,0,1.0957321873923809,0,0,-0.07505191891420981
2025-11-14,1.0957321873923809,0,0,0.9324623418945275,0,0,-0.1632698454978534
2025-11-15,0.9324623418945275,0,0,1.0871772595312512,0,0,0.15471491763672374
2025-11-16,1.0871772595312512,0,0,1.0131933446041814,0,0,-0.0739839149270698
2025-11-17,1.0131933446041814,0,0,0.7400067079697118,0,0,-0.2731866366344696
2025-11-18,0.7400067079697118,0,0,1.0481982565660042,0,0,0.3081915485962924
2025-11-19,1.0481982565660042,0,0,1.0387998539625634,0,0,-0.009398402603440825
2025-11-20,1.0387998539625634,0,0,0.8966462058033496,0,0,-0.14215364815921372
2025-11-21,0.8966462058033496,0,0,1.023373610568692,0,0,0.12672740476534228
2025-11-22,1.023373610568692,0,0,1.0122378777338001,0,0,-0.011135732834891776
2025-11-23,1.0122378777338001,0,0,0.9619360502371489,0,0,-0.05030182749665124
2025-11-24,0.9619360502371489,0,0,1.020643017874013,0,0,0.058706967636864005
2025-11-25,1.020643017874013,0,0,0.8859744680997301,0,0,-0.13466854977428278
2025-11-26,0.8859744680997301,0,0,1.0113270848718203,0,0,0.1253526167720902
2025-11-27,1.0113270848718203,0,0,1.0233622957508812,0,0,0.012035210879060898
2025-11-28,1.0233622957508812,0,0,0.9523861215378951,0,0,-0.07097617421298608
2025-11-29,0.9523861215378951,0,0,0.9225633683886786,0,0,-0.029822753149216563
2025-11-30,0.9225633683886786,0,0,0.971702991719572,0,0,0.04913962333089339
2025-12-01,0.971702991719572,0,0,0.9142406192795156,0,0,-0.057462372440056364
2025-12-02,0.6446349637220498,31,19,0.6212273010212644,31,21,-0.023407662700785314
2025-12-03,0.6568227561349663,31,21,0.783473786604127,31,21,0.1266510304691607
2025-12-04,0.47453203274488037,30,22,0.9563909219482404,30,20,0.48185888920336
2025-12-05,0.5769209100472847,32,22,0.8392255576887202,32,21,0.26230464764143546
2025-12-06,0.42436028489196875,32,26,0.7859835906421864,30,19,0.3616233057502176
2025-12-07,0.4965279527250597,31,22,0.6714933154828182,29,18,0.17496536275775854
2025-12-08,1.003443064077159,0,0,0.8635377802715913,0,0,-0.13990528380556766
2025-12-09,0.8635377802715913,0,0,0.8104456447994318,0,0,-0.05309213547215952
